,train,train_std,LOO,LOO_std
2,26325.801354228584,52.05300896015614,26157.54974416395,796.9133880477642
3,28759.204365077843,49.750257782406216,28463.46427473917,732.3943170559747
