,train,train_std,LOO,LOO_std
2,26866.013584884233,95.78431297535185,26731.28728130215,1444.366473734017
3,28625.63284031245,99.9120018584642,27969.950076498913,1527.4932227996214
